datetime,open,high,low,close,volume,hold
2026-04-28 22:05:00,3169.0,3171.0,3169.0,3170.0,2229,1749587
2026-04-28 22:10:00,3170.0,3171.0,3169.0,3170.0,2386,1749057
2026-04-28 22:15:00,3170.0,3170.0,3169.0,3170.0,1551,1748249
2026-04-28 22:20:00,3170.0,3170.0,3169.0,3170.0,1546,1747563
2026-04-28 22:25:00,3170.0,3171.0,3169.0,3171.0,3909,1747139
2026-04-28 22:30:00,3171.0,3171.0,3170.0,3171.0,509,1747036
2026-04-28 22:35:00,3170.0,3171.0,3169.0,3169.0,1612,1746800
2026-04-28 22:40:00,3169.0,3169.0,3167.0,3168.0,6051,1745847
2026-04-28 22:45:00,3167.0,3169.0,3167.0,3168.0,2143,1745051
2026-04-28 22:50:00,3168.0,3169.0,3167.0,3169.0,1992,1744139
2026-04-28 22:55:00,3169.0,3170.0,3168.0,3168.0,2481,1743802
2026-04-28 23:00:00,3168.0,3170.0,3166.0,3167.0,6732,1742312
2026-04-29 09:05:00,3166.0,3175.0,3166.0,3172.0,3917,1743786
2026-04-29 09:10:00,3172.0,3172.0,3169.0,3171.0,347,1744353
2026-04-29 09:15:00,3172.0,3172.0,3169.0,3170.0,752,1744910
2026-04-29 09:20:00,3171.0,3173.0,3169.0,3173.0,226,1745734
2026-04-29 09:25:00,3173.0,3173.0,3169.0,3169.0,5,1745838
2026-04-29 09:30:00,3170.0,3174.0,3169.0,3173.0,2834,1746785
2026-04-29 09:35:00,3173.0,3175.0,3170.0,3170.0,4877,1746161
2026-04-29 09:40:00,3170.0,3171.0,3169.0,3169.0,55,1745180
2026-04-29 09:45:00,3169.0,3171.0,3168.0,3171.0,1767,1745539
2026-04-29 09:50:00,3172.0,3175.0,3171.0,3171.0,1184,1749166
2026-04-29 09:55:00,3172.0,3175.0,3170.0,3174.0,2906,1750163
2026-04-29 10:00:00,3174.0,3177.0,3174.0,3175.0,11181,1749927
2026-04-29 10:05:00,3175.0,3177.0,3174.0,3176.0,5726,1750268
2026-04-29 10:10:00,3176.0,3177.0,3174.0,3175.0,4740,1750247
2026-04-29 10:15:00,3175.0,3178.0,3175.0,3176.0,2103,1748977
2026-04-29 10:35:00,3177.0,3180.0,3175.0,3179.0,7684,1746294
2026-04-29 10:40:00,3180.0,3181.0,3179.0,3180.0,35,1748508
2026-04-29 10:45:00,3181.0,3183.0,3180.0,3182.0,62,1749486
2026-04-29 10:50:00,3183.0,3183.0,3180.0,3180.0,4110,1748211
2026-04-29 10:55:00,3180.0,3183.0,3179.0,3182.0,9350,1749890
2026-04-29 11:00:00,3182.0,3183.0,3179.0,3180.0,25,1750670
2026-04-29 11:05:00,3181.0,3183.0,3179.0,3180.0,4750,1750349
2026-04-29 11:10:00,3180.0,3181.0,3180.0,3180.0,1562,1750359
2026-04-29 11:15:00,3180.0,3185.0,3180.0,3184.0,186,1753208
2026-04-29 11:20:00,3184.0,3187.0,3183.0,3187.0,1410,1755428
2026-04-29 11:25:00,3187.0,3189.0,3186.0,3188.0,1990,1757419
2026-04-29 11:30:00,3188.0,3188.0,3185.0,3187.0,978,1758614
2026-04-29 13:35:00,3187.0,3194.0,3186.0,3194.0,19583,1766309
2026-04-29 13:40:00,3195.0,3195.0,3190.0,3191.0,14047,1769439
2026-04-29 13:45:00,3191.0,3192.0,3190.0,3192.0,3963,1771400
2026-04-29 13:50:00,3191.0,3192.0,3187.0,3188.0,2740,1772464
2026-04-29 13:55:00,3188.0,3189.0,3187.0,3188.0,164,1772912
2026-04-29 14:00:00,3187.0,3190.0,3186.0,3190.0,77,1773924
2026-04-29 14:05:00,3190.0,3191.0,3188.0,3190.0,4491,1773992
2026-04-29 14:10:00,3190.0,3192.0,3189.0,3191.0,4270,1775239
2026-04-29 14:15:00,3191.0,3195.0,3191.0,3194.0,12743,1776922
2026-04-29 14:20:00,3194.0,3195.0,3193.0,3194.0,65,1782839
2026-04-29 14:25:00,3196.0,3196.0,3193.0,3193.0,1851,1784922
2026-04-29 14:30:00,3193.0,3194.0,3192.0,3193.0,13,1786463
2026-04-29 14:35:00,3193.0,3195.0,3192.0,3193.0,3941,1788537
2026-04-29 14:40:00,3193.0,3193.0,3190.0,3193.0,9655,1791576
2026-04-29 14:45:00,3193.0,3195.0,3192.0,3193.0,11608,1795725
2026-04-29 14:50:00,3193.0,3196.0,3192.0,3196.0,1238,1798527
2026-04-29 14:55:00,3196.0,3198.0,3195.0,3198.0,1445,1800062
2026-04-29 15:00:00,3198.0,3198.0,3195.0,3195.0,93,1802387
2026-04-29 21:05:00,3195.0,3200.0,3191.0,3192.0,38505,1809770
2026-04-29 21:10:00,3192.0,3194.0,3191.0,3193.0,13782,1812503
2026-04-29 21:15:00,3193.0,3195.0,3192.0,3194.0,9888,1814839
2026-04-29 21:20:00,3193.0,3195.0,3193.0,3195.0,5244,1815909
2026-04-29 21:25:00,3195.0,3197.0,3194.0,3197.0,9570,1818154
2026-04-29 21:30:00,3197.0,3198.0,3195.0,3198.0,7776,1819789
2026-04-29 21:35:00,3197.0,3203.0,3197.0,3201.0,36388,1823843
2026-04-29 21:40:00,3202.0,3203.0,3196.0,3198.0,16430,1827109
2026-04-29 21:45:00,3198.0,3199.0,3197.0,3197.0,4069,1827313
2026-04-29 21:50:00,3198.0,3198.0,3194.0,3194.0,6298,1827408
2026-04-29 21:55:00,3194.0,3196.0,3193.0,3196.0,6067,1826466
2026-04-29 22:00:00,3196.0,3196.0,3194.0,3195.0,3380,1826773
2026-04-29 22:05:00,3195.0,3197.0,3195.0,3195.0,2991,1827727
2026-04-29 22:10:00,3195.0,3196.0,3195.0,3196.0,1416,1828001
2026-04-29 22:15:00,3196.0,3196.0,3194.0,3195.0,3395,1828297
2026-04-29 22:20:00,3195.0,3196.0,3193.0,3194.0,3116,1827915
2026-04-29 22:25:00,3194.0,3197.0,3194.0,3197.0,801,1828052
2026-04-29 22:30:00,3197.0,3197.0,3194.0,3195.0,3285,1828166
2026-04-29 22:35:00,3196.0,3197.0,3194.0,3195.0,2639,1828674
2026-04-29 22:40:00,3195.0,3196.0,3194.0,3195.0,881,1828619
2026-04-29 22:45:00,3196.0,3196.0,3194.0,3194.0,2161,1828652
2026-04-29 22:50:00,3195.0,3196.0,3194.0,3195.0,3234,1827874
2026-04-29 22:55:00,3194.0,3196.0,3194.0,3195.0,2091,1827457
2026-04-29 23:00:00,3195.0,3195.0,3193.0,3195.0,5826,1826587
2026-04-30 09:05:00,3195.0,3197.0,3193.0,3197.0,9847,1825615
2026-04-30 09:10:00,3197.0,3199.0,3195.0,3198.0,7173,1826518
2026-04-30 09:15:00,3198.0,3198.0,3194.0,3196.0,4968,1827583
2026-04-30 09:20:00,3196.0,3197.0,3193.0,3194.0,5046,1827041
2026-04-30 09:25:00,3195.0,3198.0,3194.0,3195.0,3121,1827202
2026-04-30 09:30:00,3195.0,3198.0,3195.0,3197.0,1956,1827463
2026-04-30 09:35:00,3197.0,3198.0,3196.0,3197.0,4159,1827590
2026-04-30 09:40:00,3197.0,3200.0,3196.0,3197.0,7429,1828019
2026-04-30 09:45:00,3196.0,3199.0,3196.0,3199.0,1976,1827796
2026-04-30 09:50:00,3198.0,3199.0,3197.0,3197.0,3444,1828458
2026-04-30 09:55:00,3198.0,3200.0,3197.0,3198.0,4425,1828242
2026-04-30 10:00:00,3199.0,3200.0,3194.0,3198.0,8274,1828042
2026-04-30 10:05:00,3198.0,3200.0,3197.0,3199.0,4678,1828623
2026-04-30 10:10:00,3199.0,3200.0,3195.0,3195.0,3756,1828479
2026-04-30 10:15:00,3195.0,3199.0,3195.0,3199.0,5555,1829303
2026-04-30 10:35:00,3198.0,3199.0,3196.0,3198.0,5869,1829785
2026-04-30 10:40:00,3198.0,3200.0,3197.0,3200.0,4148,1830347
2026-04-30 10:45:00,3200.0,3201.0,3199.0,3199.0,10000,1832730
2026-04-30 10:50:00,3199.0,3201.0,3198.0,3200.0,7421,1834408
2026-04-30 10:55:00,3199.0,3201.0,3198.0,3201.0,6915,1834693
2026-04-30 11:00:00,3201.0,3202.0,3199.0,3200.0,6398,1835527
2026-04-30 11:05:00,3201.0,3204.0,3200.0,3204.0,11508,1838744
2026-04-30 11:10:00,3204.0,3206.0,3203.0,3205.0,13874,1841804
2026-04-30 11:15:00,3204.0,3205.0,3202.0,3204.0,6902,1842735
2026-04-30 11:20:00,3204.0,3204.0,3202.0,3203.0,6214,1843405
2026-04-30 11:25:00,3203.0,3204.0,3201.0,3204.0,6164,1844092
2026-04-30 11:30:00,3204.0,3205.0,3203.0,3204.0,677,1844186
2026-04-30 13:35:00,3203.0,3205.0,3200.0,3201.0,75,1845493
2026-04-30 13:40:00,3200.0,3204.0,3200.0,3203.0,604,1848797
2026-04-30 13:45:00,3204.0,3205.0,3203.0,3204.0,506,1849650
2026-04-30 13:50:00,3205.0,3205.0,3203.0,3204.0,365,1850142
2026-04-30 13:55:00,3205.0,3207.0,3205.0,3206.0,8420,1851336
2026-04-30 14:00:00,3207.0,3209.0,3205.0,3208.0,8975,1856469
2026-04-30 14:05:00,3208.0,3211.0,3208.0,3209.0,24789,1863675
2026-04-30 14:10:00,3210.0,3210.0,3208.0,3209.0,1634,1864885
2026-04-30 14:15:00,3210.0,3211.0,3208.0,3209.0,10995,1867864
2026-04-30 14:20:00,3209.0,3212.0,3209.0,3211.0,250,1869339
2026-04-30 14:25:00,3212.0,3215.0,3210.0,3215.0,19723,1874612
2026-04-30 14:30:00,3214.0,3220.0,3214.0,3220.0,40131,1885278
2026-04-30 14:35:00,3220.0,3220.0,3214.0,3216.0,8760,1887267
2026-04-30 14:40:00,3216.0,3218.0,3213.0,3214.0,15080,1888591
2026-04-30 14:45:00,3214.0,3215.0,3211.0,3211.0,14131,1889154
2026-04-30 14:50:00,3212.0,3213.0,3209.0,3210.0,8524,1886940
2026-04-30 14:55:00,3209.0,3215.0,3208.0,3214.0,14832,1886925
2026-04-30 15:00:00,3215.0,3215.0,3212.0,3214.0,1471,1885016
2026-05-06 09:05:00,3228.0,3231.0,3219.0,3228.0,70498,1898959
2026-05-06 09:10:00,3227.0,3234.0,3226.0,3233.0,38441,1907043
2026-05-06 09:15:00,3232.0,3239.0,3232.0,3238.0,32676,1917788
2026-05-06 09:20:00,3239.0,3242.0,3237.0,3242.0,30755,1927543
2026-05-06 09:25:00,3241.0,3244.0,3239.0,3242.0,31740,1932900
2026-05-06 09:30:00,3243.0,3244.0,3239.0,3241.0,20255,1937156
2026-05-06 09:35:00,3241.0,3246.0,3240.0,3242.0,24486,1944157
2026-05-06 09:40:00,3242.0,3244.0,3240.0,3243.0,10916,1945869
2026-05-06 09:45:00,3246.0,3246.0,3242.0,3245.0,14401,1951529
2026-05-06 09:50:00,3242.0,3246.0,3242.0,3244.0,12473,1954146
2026-05-06 09:55:00,3244.0,3245.0,3242.0,3242.0,6346,1955181
2026-05-06 10:00:00,3243.0,3245.0,3241.0,3241.0,12808,1954596
2026-05-06 10:05:00,3242.0,3244.0,3241.0,3243.0,8626,1955373
2026-05-06 10:10:00,3244.0,3245.0,3241.0,3242.0,7032,1956031
2026-05-06 10:15:00,3242.0,3245.0,3241.0,3245.0,7159,1958430
2026-05-06 10:35:00,3244.0,3248.0,3242.0,3247.0,16231,1961345
2026-05-06 10:40:00,3247.0,3248.0,3245.0,3246.0,14983,1967235
2026-05-06 10:45:00,3246.0,3248.0,3246.0,3248.0,1394,1967949
2026-05-06 10:50:00,3248.0,3250.0,3246.0,3250.0,12709,1971704
2026-05-06 10:55:00,3248.0,3252.0,3248.0,3252.0,1186,1976534
2026-05-06 11:00:00,3250.0,3251.0,3248.0,3249.0,109,1978888
2026-05-06 11:05:00,3249.0,3249.0,3245.0,3247.0,134,1981171
2026-05-06 11:10:00,3249.0,3250.0,3248.0,3249.0,1009,1982550
2026-05-06 11:15:00,3248.0,3249.0,3246.0,3248.0,683,1982821
2026-05-06 11:20:00,3247.0,3250.0,3247.0,3250.0,212,1983972
2026-05-06 11:25:00,3249.0,3251.0,3249.0,3251.0,228,1986445
2026-05-06 11:30:00,3251.0,3252.0,3250.0,3250.0,367,1987694
2026-05-06 13:35:00,3250.0,3254.0,3249.0,3252.0,25,1988509
2026-05-06 13:40:00,3253.0,3254.0,3251.0,3253.0,791,1990492
2026-05-06 13:45:00,3251.0,3253.0,3251.0,3251.0,390,1991461
2026-05-06 13:50:00,3254.0,3255.0,3253.0,3255.0,3127,1993608
2026-05-06 13:55:00,3256.0,3256.0,3252.0,3254.0,2694,1998139
2026-05-06 14:00:00,3256.0,3257.0,3255.0,3257.0,207,2000251
2026-05-06 14:05:00,3257.0,3258.0,3255.0,3258.0,605,2001597
2026-05-06 14:10:00,3257.0,3259.0,3255.0,3255.0,8583,2004712
2026-05-06 14:15:00,3256.0,3258.0,3255.0,3258.0,144,2007367
2026-05-06 14:20:00,3259.0,3259.0,3258.0,3258.0,476,2012562
2026-05-06 14:25:00,3259.0,3259.0,3257.0,3259.0,1489,2012335
2026-05-06 14:30:00,3259.0,3260.0,3258.0,3259.0,116,2014650
2026-05-06 14:35:00,3259.0,3259.0,3257.0,3258.0,3732,2014851
2026-05-06 14:40:00,3258.0,3261.0,3257.0,3261.0,2682,2019573
2026-05-06 14:45:00,3261.0,3264.0,3259.0,3264.0,105,2020998
2026-05-06 14:50:00,3263.0,3266.0,3263.0,3265.0,11851,2023702
2026-05-06 14:55:00,3266.0,3268.0,3265.0,3267.0,4071,2028495
2026-05-06 15:00:00,3268.0,3268.0,3264.0,3264.0,1946,2030834
2026-05-06 21:05:00,3259.0,3259.0,3254.0,3256.0,73664,2045166
2026-05-06 21:10:00,3256.0,3261.0,3255.0,3258.0,36545,2056950
2026-05-06 21:15:00,3259.0,3262.0,3256.0,3256.0,21670,2060890
2026-05-06 21:20:00,3257.0,3259.0,3254.0,3254.0,21517,2062827
2026-05-06 21:25:00,3254.0,3259.0,3254.0,3256.0,16934,2063644
2026-05-06 21:30:00,3255.0,3258.0,3253.0,3256.0,16203,2067022
2026-05-06 21:35:00,3255.0,3259.0,3255.0,3258.0,10517,2067212
2026-05-06 21:40:00,3258.0,3264.0,3258.0,3262.0,21322,2067125
2026-05-06 21:45:00,3262.0,3270.0,3262.0,3266.0,25634,2071306
2026-05-06 21:50:00,3266.0,3268.0,3265.0,3266.0,6855,2073903
2026-05-06 21:55:00,3265.0,3266.0,3264.0,3266.0,4616,2075112
2026-05-06 22:00:00,3266.0,3266.0,3262.0,3264.0,5501,2075506
2026-05-06 22:05:00,3264.0,3264.0,3262.0,3263.0,3936,2076208
2026-05-06 22:10:00,3263.0,3264.0,3262.0,3264.0,5749,2076342
2026-05-06 22:15:00,3264.0,3265.0,3263.0,3264.0,4821,2075876
2026-05-06 22:20:00,3265.0,3265.0,3260.0,3261.0,12916,2072204
2026-05-06 22:25:00,3260.0,3263.0,3259.0,3260.0,1117,2070327
2026-05-06 22:30:00,3260.0,3263.0,3259.0,3262.0,3563,2070182
2026-05-06 22:35:00,3263.0,3268.0,3263.0,3268.0,16176,2069681
2026-05-06 22:40:00,3267.0,3269.0,3267.0,3268.0,12268,2071179
2026-05-06 22:45:00,3268.0,3273.0,3268.0,3270.0,18337,2075163
2026-05-06 22:50:00,3271.0,3272.0,3269.0,3272.0,10069,2076303
2026-05-06 22:55:00,3271.0,3272.0,3268.0,3269.0,6100,2076037
2026-05-06 23:00:00,3269.0,3270.0,3267.0,3268.0,9840,2074131
2026-05-07 09:05:00,3268.0,3270.0,3266.0,3267.0,20341,2074365
2026-05-07 09:10:00,3267.0,3269.0,3266.0,3267.0,14691,2077278
2026-05-07 09:15:00,3267.0,3267.0,3263.0,3265.0,11733,2079069
2026-05-07 09:20:00,3265.0,3270.0,3264.0,3270.0,12750,2081171
2026-05-07 09:25:00,3270.0,3272.0,3269.0,3269.0,17439,2083979
2026-05-07 09:30:00,3269.0,3271.0,3268.0,3269.0,8198,2085304
2026-05-07 09:35:00,3269.0,3269.0,3265.0,3269.0,9833,2085392
2026-05-07 09:40:00,3269.0,3270.0,3266.0,3267.0,8856,2086363
2026-05-07 09:45:00,3267.0,3268.0,3263.0,3265.0,9671,2085585
2026-05-07 09:50:00,3264.0,3265.0,3261.0,3262.0,19441,2084533
2026-05-07 09:55:00,3262.0,3262.0,3257.0,3258.0,23903,2085046
2026-05-07 10:00:00,3258.0,3261.0,3258.0,3259.0,12980,2084630
2026-05-07 10:05:00,3259.0,3263.0,3259.0,3262.0,8291,2085123
2026-05-07 10:10:00,3263.0,3264.0,3262.0,3263.0,5613,2085535
2026-05-07 10:15:00,3262.0,3263.0,3260.0,3262.0,3141,2085219
2026-05-07 10:35:00,3261.0,3263.0,3259.0,3263.0,9496,2086731
2026-05-07 10:40:00,3262.0,3263.0,3261.0,3262.0,3672,2086943
2026-05-07 10:45:00,3261.0,3262.0,3260.0,3262.0,4004,2087104
2026-05-07 10:50:00,3261.0,3263.0,3261.0,3263.0,3193,2087281
2026-05-07 10:55:00,3262.0,3263.0,3261.0,3262.0,4529,2088103
2026-05-07 11:00:00,3262.0,3263.0,3261.0,3263.0,2007,2088955
2026-05-07 11:05:00,3263.0,3263.0,3260.0,3262.0,3335,2089637
2026-05-07 11:10:00,3262.0,3262.0,3259.0,3261.0,6482,2089890
2026-05-07 11:15:00,3261.0,3262.0,3260.0,3262.0,264,2090173
2026-05-07 11:20:00,3262.0,3268.0,3261.0,3267.0,15596,2091001
2026-05-07 11:25:00,3268.0,3269.0,3265.0,3269.0,2514,2093663
2026-05-07 11:30:00,3268.0,3270.0,3268.0,3268.0,551,2094472
2026-05-07 13:35:00,3268.0,3270.0,3266.0,3270.0,993,2093575
2026-05-07 13:40:00,3269.0,3270.0,3268.0,3270.0,4261,2095236
2026-05-07 13:45:00,3270.0,3273.0,3269.0,3272.0,107,2098075
2026-05-07 13:50:00,3271.0,3272.0,3268.0,3269.0,5956,2099521
2026-05-07 13:55:00,3270.0,3271.0,3268.0,3269.0,460,2098905
2026-05-07 14:00:00,3270.0,3270.0,3266.0,3267.0,8042,2097976
2026-05-07 14:05:00,3268.0,3273.0,3267.0,3272.0,51,2101221
2026-05-07 14:10:00,3272.0,3276.0,3272.0,3273.0,3204,2104181
2026-05-07 14:15:00,3273.0,3274.0,3270.0,3271.0,8999,2105068
2026-05-07 14:20:00,3271.0,3274.0,3270.0,3274.0,2372,2106678
2026-05-07 14:25:00,3274.0,3274.0,3272.0,3273.0,6656,2107828
2026-05-07 14:30:00,3274.0,3276.0,3272.0,3275.0,411,2110049
2026-05-07 14:35:00,3275.0,3277.0,3274.0,3277.0,5855,2112078
2026-05-07 14:40:00,3275.0,3277.0,3275.0,3277.0,941,2113257
2026-05-07 14:45:00,3277.0,3277.0,3274.0,3276.0,5698,2114661
2026-05-07 14:50:00,3276.0,3278.0,3275.0,3276.0,15727,2113143
2026-05-07 14:55:00,3277.0,3277.0,3275.0,3276.0,121,2113694
2026-05-07 15:00:00,3276.0,3276.0,3273.0,3273.0,254,2110783
2026-05-07 21:05:00,3272.0,3275.0,3268.0,3270.0,59050,2116121
2026-05-07 21:10:00,3270.0,3274.0,3269.0,3272.0,16316,2119368
2026-05-07 21:15:00,3272.0,3275.0,3272.0,3273.0,13689,2120908
2026-05-07 21:20:00,3273.0,3285.0,3272.0,3283.0,36489,2127611
2026-05-07 21:25:00,3283.0,3285.0,3280.0,3282.0,25289,2132030
2026-05-07 21:30:00,3281.0,3282.0,3280.0,3281.0,14141,2132089
2026-05-07 21:35:00,3281.0,3281.0,3276.0,3277.0,13221,2135379
2026-05-07 21:40:00,3276.0,3278.0,3273.0,3274.0,14805,2134284
2026-05-07 21:45:00,3274.0,3274.0,3270.0,3271.0,18786,2133669
2026-05-07 21:50:00,3271.0,3276.0,3271.0,3276.0,9956,2133271
2026-05-07 21:55:00,3276.0,3276.0,3270.0,3271.0,11094,2132689
2026-05-07 22:00:00,3271.0,3271.0,3269.0,3270.0,13043,2131616
2026-05-07 22:05:00,3270.0,3271.0,3269.0,3271.0,7920,2131122
2026-05-07 22:10:00,3271.0,3273.0,3270.0,3273.0,6119,2132251
2026-05-07 22:15:00,3273.0,3273.0,3271.0,3271.0,3263,2132865
2026-05-07 22:20:00,3271.0,3273.0,3271.0,3273.0,2709,2132878
2026-05-07 22:25:00,3273.0,3274.0,3272.0,3272.0,2034,2133053
2026-05-07 22:30:00,3272.0,3275.0,3272.0,3275.0,5496,2133242
2026-05-07 22:35:00,3275.0,3275.0,3274.0,3274.0,2228,2133434
2026-05-07 22:40:00,3274.0,3276.0,3274.0,3276.0,5120,2132650
2026-05-07 22:45:00,3276.0,3277.0,3274.0,3275.0,5859,2132768
2026-05-07 22:50:00,3275.0,3278.0,3275.0,3277.0,7698,2133063
2026-05-07 22:55:00,3277.0,3278.0,3276.0,3278.0,7092,2135183
2026-05-07 23:00:00,3277.0,3279.0,3276.0,3277.0,9621,2134038
2026-05-08 09:05:00,3276.0,3280.0,3273.0,3275.0,22812,2132417
2026-05-08 09:10:00,3274.0,3277.0,3274.0,3275.0,6762,2133168
2026-05-08 09:15:00,3275.0,3276.0,3272.0,3275.0,6935,2134237
2026-05-08 09:20:00,3274.0,3278.0,3274.0,3277.0,5825,2134674
2026-05-08 09:25:00,3278.0,3280.0,3277.0,3278.0,6564,2135174
2026-05-08 09:30:00,3278.0,3280.0,3278.0,3280.0,7296,2136576
2026-05-08 09:35:00,3279.0,3282.0,3277.0,3277.0,7997,2138593
2026-05-08 09:40:00,3277.0,3279.0,3276.0,3279.0,4468,2137871
2026-05-08 09:45:00,3279.0,3279.0,3276.0,3278.0,3626,2137916
2026-05-08 09:50:00,3278.0,3280.0,3276.0,3280.0,1319,2139932
2026-05-08 09:55:00,3280.0,3283.0,3279.0,3282.0,9042,2141143
2026-05-08 10:00:00,3282.0,3284.0,3282.0,3284.0,12585,2144049
2026-05-08 10:05:00,3284.0,3284.0,3279.0,3282.0,8157,2144087
2026-05-08 10:10:00,3282.0,3283.0,3280.0,3283.0,7827,2144910
2026-05-08 10:15:00,3283.0,3284.0,3279.0,3280.0,9035,2145958
2026-05-08 10:35:00,3280.0,3281.0,3275.0,3279.0,17490,2145484
2026-05-08 10:40:00,3280.0,3283.0,3278.0,3282.0,10360,2146889
2026-05-08 10:45:00,3282.0,3284.0,3281.0,3283.0,8179,2148582
2026-05-08 10:50:00,3282.0,3285.0,3282.0,3282.0,10310,2151507
2026-05-08 10:55:00,3282.0,3284.0,3279.0,3279.0,7133,2152014
2026-05-08 11:00:00,3280.0,3280.0,3276.0,3276.0,11105,2152348
2026-05-08 11:05:00,3278.0,3278.0,3273.0,3277.0,14759,2153188
2026-05-08 11:10:00,3278.0,3278.0,3274.0,3276.0,6309,2153572
2026-05-08 11:15:00,3278.0,3279.0,3276.0,3279.0,3508,2153402
2026-05-08 11:20:00,3279.0,3280.0,3277.0,3277.0,6841,2153769
2026-05-08 11:25:00,3278.0,3278.0,3274.0,3276.0,10330,2152663
2026-05-08 11:30:00,3276.0,3277.0,3275.0,3275.0,4800,2152297
2026-05-08 13:35:00,3276.0,3279.0,3275.0,3278.0,12652,2152083
2026-05-08 13:40:00,3278.0,3279.0,3276.0,3279.0,2632,2152226
2026-05-08 13:45:00,3275.0,3279.0,3275.0,3277.0,6564,2152596
2026-05-08 13:50:00,3277.0,3280.0,3277.0,3280.0,10012,2152688
2026-05-08 13:55:00,3280.0,3281.0,3277.0,3281.0,12639,2156573
2026-05-08 14:00:00,3281.0,3281.0,3274.0,3274.0,16237,2157169
2026-05-08 14:05:00,3274.0,3278.0,3274.0,3276.0,13065,2155311
2026-05-08 14:10:00,3276.0,3278.0,3275.0,3278.0,8544,2153727
2026-05-08 14:15:00,3277.0,3281.0,3277.0,3281.0,18117,2151417
2026-05-08 14:20:00,3281.0,3284.0,3280.0,3282.0,12444,2153331
2026-05-08 14:25:00,3282.0,3282.0,3278.0,3279.0,6460,2153045
2026-05-08 14:30:00,3279.0,3280.0,3275.0,3277.0,7782,2152180
2026-05-08 14:35:00,3276.0,3278.0,3275.0,3277.0,5693,2153144
2026-05-08 14:40:00,3276.0,3277.0,3267.0,3271.0,35792,2151566
2026-05-08 14:45:00,3271.0,3272.0,3266.0,3267.0,22661,2153166
2026-05-08 14:50:00,3267.0,3268.0,3261.0,3262.0,1040,2146967
2026-05-08 14:55:00,3262.0,3265.0,3261.0,3264.0,20395,2146185
2026-05-08 15:00:00,3263.0,3263.0,3263.0,3263.0,0,2144541
2026-05-08 21:05:00,3262.0,3270.0,3260.0,3262.0,50283,2145195
2026-05-08 21:10:00,3262.0,3267.0,3262.0,3266.0,18500,2146956
2026-05-08 21:15:00,3266.0,3270.0,3265.0,3267.0,16131,2149361
2026-05-08 21:20:00,3267.0,3267.0,3264.0,3265.0,10230,2149450
2026-05-08 21:25:00,3265.0,3266.0,3263.0,3264.0,8551,2148613
2026-05-08 21:30:00,3265.0,3265.0,3263.0,3264.0,5705,2147995
2026-05-08 21:35:00,3264.0,3265.0,3262.0,3263.0,7456,2147116
2026-05-08 21:40:00,3263.0,3264.0,3260.0,3264.0,10197,2146499
2026-05-08 21:45:00,3264.0,3264.0,3262.0,3262.0,2836,2145948
2026-05-08 21:50:00,3262.0,3264.0,3262.0,3263.0,3213,2145109
2026-05-08 21:55:00,3263.0,3264.0,3263.0,3263.0,2390,2144833
2026-05-08 22:00:00,3263.0,3266.0,3263.0,3264.0,5671,2145105
2026-05-08 22:05:00,3264.0,3268.0,3264.0,3268.0,5670,2144691
2026-05-08 22:10:00,3268.0,3268.0,3265.0,3267.0,5139,2144585
2026-05-08 22:15:00,3266.0,3268.0,3266.0,3268.0,4275,2144174
2026-05-08 22:20:00,3267.0,3269.0,3267.0,3267.0,4872,2144982
2026-05-08 22:25:00,3267.0,3270.0,3267.0,3270.0,316,2145185
2026-05-08 22:30:00,3269.0,3273.0,3269.0,3272.0,11885,2146722
2026-05-08 22:35:00,3273.0,3274.0,3271.0,3274.0,7936,2146938
2026-05-08 22:40:00,3273.0,3275.0,3272.0,3272.0,8256,2148130
2026-05-08 22:45:00,3273.0,3273.0,3271.0,3271.0,3863,2148190
2026-05-08 22:50:00,3271.0,3273.0,3271.0,3273.0,2347,2147666
2026-05-08 22:55:00,3273.0,3273.0,3272.0,3272.0,1577,2147062
2026-05-08 23:00:00,3272.0,3277.0,3272.0,3275.0,16100,2144249
2026-05-11 09:05:00,3280.0,3298.0,3276.0,3292.0,90207,2155232
2026-05-11 09:10:00,3293.0,3296.0,3290.0,3291.0,27618,2158641
2026-05-11 09:15:00,3292.0,3292.0,3280.0,3283.0,40654,2158847
2026-05-11 09:20:00,3282.0,3284.0,3279.0,3281.0,22939,2160363
2026-05-11 09:25:00,3281.0,3282.0,3277.0,3277.0,16346,2162503
2026-05-11 09:30:00,3278.0,3284.0,3277.0,3284.0,22161,2162025
2026-05-11 09:35:00,3284.0,3286.0,3282.0,3285.0,11776,2162456
2026-05-11 09:40:00,3286.0,3290.0,3283.0,3288.0,17044,2162958
2026-05-11 09:45:00,3289.0,3291.0,3285.0,3288.0,16552,2164484
2026-05-11 09:50:00,3289.0,3291.0,3286.0,3287.0,14864,2162545
2026-05-11 09:55:00,3287.0,3292.0,3287.0,3290.0,9693,2162420
2026-05-11 10:00:00,3290.0,3295.0,3290.0,3294.0,12310,2163291
2026-05-11 10:05:00,3294.0,3295.0,3292.0,3293.0,14449,2167600
2026-05-11 10:10:00,3294.0,3295.0,3292.0,3294.0,5856,2168474
2026-05-11 10:15:00,3295.0,3296.0,3294.0,3294.0,9063,2171972
2026-05-11 10:35:00,3295.0,3296.0,3292.0,3294.0,9,2174388
2026-05-11 10:40:00,3293.0,3294.0,3288.0,3289.0,10197,2173980
2026-05-11 10:45:00,3290.0,3291.0,3287.0,3291.0,13425,2173583
2026-05-11 10:50:00,3291.0,3295.0,3290.0,3295.0,9453,2175263
2026-05-11 10:55:00,3295.0,3297.0,3293.0,3296.0,12830,2177275
2026-05-11 11:00:00,3295.0,3296.0,3294.0,3296.0,6537,2178990
2026-05-11 11:05:00,3296.0,3296.0,3293.0,3295.0,4835,2179175
2026-05-11 11:10:00,3294.0,3295.0,3292.0,3292.0,4762,2178257
2026-05-11 11:15:00,3292.0,3293.0,3290.0,3291.0,7504,2177520
2026-05-11 11:20:00,3291.0,3293.0,3289.0,3291.0,11075,2177983
2026-05-11 11:25:00,3291.0,3293.0,3288.0,3293.0,9379,2176448
2026-05-11 11:30:00,3292.0,3294.0,3291.0,3292.0,7984,2175538
2026-05-11 13:35:00,3293.0,3295.0,3291.0,3292.0,12386,2176626
2026-05-11 13:40:00,3292.0,3292.0,3287.0,3288.0,11716,2180018
2026-05-11 13:45:00,3288.0,3291.0,3285.0,3287.0,14898,2177133
2026-05-11 13:50:00,3286.0,3288.0,3283.0,3284.0,15349,2179093
2026-05-11 13:55:00,3283.0,3285.0,3281.0,3282.0,13668,2176846
2026-05-11 14:00:00,3283.0,3286.0,3281.0,3286.0,10201,2177284
2026-05-11 14:05:00,3286.0,3287.0,3284.0,3285.0,6817,2176520
2026-05-11 14:10:00,3285.0,3286.0,3283.0,3286.0,5110,2175345
2026-05-11 14:15:00,3286.0,3286.0,3283.0,3283.0,4183,2175037
2026-05-11 14:20:00,3283.0,3284.0,3281.0,3283.0,9357,2175445
2026-05-11 14:25:00,3283.0,3285.0,3281.0,3284.0,1022,2175162
2026-05-11 14:30:00,3283.0,3283.0,3278.0,3279.0,16986,2176245
2026-05-11 14:35:00,3279.0,3282.0,3279.0,3282.0,6164,2175964
2026-05-11 14:40:00,3281.0,3282.0,3279.0,3281.0,9765,2175248
2026-05-11 14:45:00,3281.0,3285.0,3280.0,3285.0,6741,2174509
2026-05-11 14:50:00,3285.0,3287.0,3284.0,3287.0,8237,2173749
2026-05-11 14:55:00,3287.0,3287.0,3285.0,3285.0,11038,2173933
2026-05-11 15:00:00,3286.0,3287.0,3285.0,3286.0,1073,2172556
2026-05-11 21:05:00,3286.0,3292.0,3282.0,3291.0,34840,2173313
2026-05-11 21:10:00,3291.0,3291.0,3282.0,3282.0,23266,2177950
2026-05-11 21:15:00,3282.0,3283.0,3279.0,3280.0,20810,2180022
2026-05-11 21:20:00,3280.0,3283.0,3278.0,3282.0,11137,2182096
2026-05-11 21:25:00,3281.0,3283.0,3280.0,3280.0,8465,2184294
2026-05-11 21:30:00,3280.0,3282.0,3272.0,3272.0,34504,2182542
2026-05-11 21:35:00,3273.0,3275.0,3271.0,3274.0,17190,2181652
2026-05-11 21:40:00,3274.0,3277.0,3272.0,3277.0,15032,2181316
2026-05-11 21:45:00,3277.0,3277.0,3275.0,3275.0,7941,2181788
2026-05-11 21:50:00,3276.0,3276.0,3274.0,3275.0,4244,2181832
2026-05-11 21:55:00,3275.0,3277.0,3275.0,3277.0,5475,2182112
2026-05-11 22:00:00,3277.0,3277.0,3274.0,3276.0,4692,2182327
2026-05-11 22:05:00,3275.0,3277.0,3274.0,3275.0,5202,2181883
2026-05-11 22:10:00,3275.0,3278.0,3275.0,3276.0,5502,2180425
2026-05-11 22:15:00,3276.0,3281.0,3276.0,3279.0,8699,2180698
2026-05-11 22:20:00,3279.0,3281.0,3278.0,3281.0,3781,2180947
2026-05-11 22:25:00,3281.0,3282.0,3279.0,3280.0,1900,2180131
2026-05-11 22:30:00,3280.0,3280.0,3279.0,3280.0,1456,2180268
2026-05-11 22:35:00,3280.0,3280.0,3275.0,3275.0,7693,2182282
2026-05-11 22:40:00,3275.0,3276.0,3275.0,3276.0,1745,2182339
2026-05-11 22:45:00,3275.0,3276.0,3275.0,3275.0,2967,2181550
2026-05-11 22:50:00,3276.0,3276.0,3273.0,3274.0,5837,2181402
2026-05-11 22:55:00,3274.0,3275.0,3274.0,3274.0,3546,2181615
2026-05-11 23:00:00,3274.0,3277.0,3274.0,3276.0,6830,2179272
2026-05-12 09:05:00,3276.0,3281.0,3275.0,3280.0,19823,2177561
2026-05-12 09:10:00,3280.0,3281.0,3277.0,3279.0,8869,2176903
2026-05-12 09:15:00,3279.0,3281.0,3278.0,3279.0,8491,2175906
2026-05-12 09:20:00,3280.0,3284.0,3279.0,3284.0,10673,2176359
2026-05-12 09:25:00,3283.0,3286.0,3283.0,3285.0,13358,2177055
2026-05-12 09:30:00,3286.0,3292.0,3285.0,3291.0,30809,2176762
2026-05-12 09:35:00,3292.0,3292.0,3283.0,3283.0,20506,2177598
2026-05-12 09:40:00,3284.0,3287.0,3282.0,3287.0,10785,2177599
2026-05-12 09:45:00,3287.0,3290.0,3286.0,3286.0,12814,2178495
2026-05-12 09:50:00,3287.0,3290.0,3286.0,3287.0,2214,2180226
2026-05-12 09:55:00,3287.0,3290.0,3287.0,3288.0,8733,2181498
2026-05-12 10:00:00,3288.0,3289.0,3283.0,3285.0,7785,2180904
2026-05-12 10:05:00,3278.0,3286.0,3278.0,3279.0,20271,2178793
2026-05-12 10:10:00,3278.0,3281.0,3276.0,3277.0,20286,2179324
2026-05-12 10:15:00,3278.0,3280.0,3275.0,3278.0,14801,2178646
2026-05-12 10:35:00,3279.0,3283.0,3276.0,3282.0,15736,2176561
2026-05-12 10:40:00,3282.0,3284.0,3279.0,3280.0,8159,2176266
2026-05-12 10:45:00,3280.0,3282.0,3279.0,3281.0,5297,2177775
2026-05-12 10:50:00,3279.0,3281.0,3278.0,3279.0,5775,2177930
2026-05-12 10:55:00,3280.0,3284.0,3279.0,3282.0,7295,2177118
2026-05-12 11:00:00,3283.0,3283.0,3279.0,3281.0,5321,2177745
2026-05-12 11:05:00,3281.0,3283.0,3280.0,3281.0,6137,2177772
2026-05-12 11:10:00,3280.0,3283.0,3280.0,3282.0,2993,2178780
2026-05-12 11:15:00,3282.0,3283.0,3280.0,3282.0,2769,2179199
2026-05-12 11:20:00,3282.0,3284.0,3281.0,3283.0,3513,2178830
2026-05-12 11:25:00,3279.0,3283.0,3279.0,3279.0,5929,2179315
2026-05-12 11:30:00,3280.0,3281.0,3276.0,3277.0,10644,2177133
2026-05-12 13:35:00,3276.0,3278.0,3271.0,3271.0,24863,2177012
2026-05-12 13:40:00,3271.0,3273.0,3267.0,3269.0,35974,2174305
2026-05-12 13:45:00,3265.0,3269.0,3263.0,3265.0,37880,2172572
2026-05-12 13:50:00,3264.0,3266.0,3261.0,3263.0,30332,2172119
2026-05-12 13:55:00,3263.0,3266.0,3262.0,3265.0,17571,2172181
2026-05-12 14:00:00,3265.0,3266.0,3263.0,3265.0,6507,2171419
2026-05-12 14:05:00,3265.0,3268.0,3264.0,3267.0,10900,2169189
2026-05-12 14:10:00,3267.0,3269.0,3263.0,3265.0,14193,2171585
2026-05-12 14:15:00,3265.0,3267.0,3263.0,3266.0,10890,2172948
2026-05-12 14:20:00,3268.0,3268.0,3265.0,3267.0,7058,2172632
2026-05-12 14:25:00,3267.0,3269.0,3262.0,3263.0,11700,2172047
2026-05-12 14:30:00,3259.0,3263.0,3255.0,3256.0,43859,2160749
2026-05-12 14:35:00,3256.0,3258.0,3254.0,3254.0,24421,2160396
2026-05-12 14:40:00,3255.0,3258.0,3251.0,3258.0,32966,2158785
2026-05-12 14:45:00,3258.0,3258.0,3252.0,3253.0,17756,2155596
2026-05-12 14:50:00,3252.0,3254.0,3247.0,3247.0,1598,2147625
2026-05-12 14:55:00,3253.0,3255.0,3246.0,3254.0,29135,2142538
2026-05-12 15:00:00,3256.0,3257.0,3254.0,3255.0,4163,2141462
2026-05-12 21:05:00,3250.0,3256.0,3238.0,3240.0,94819,2119126
2026-05-12 21:10:00,3241.0,3244.0,3240.0,3241.0,30668,2114495
2026-05-12 21:15:00,3241.0,3242.0,3239.0,3240.0,26556,2111390
2026-05-12 21:20:00,3239.0,3240.0,3236.0,3239.0,27944,2107769
2026-05-12 21:25:00,3238.0,3244.0,3237.0,3242.0,22293,2101980
2026-05-12 21:30:00,3243.0,3245.0,3241.0,3243.0,16472,2098819
2026-05-12 21:35:00,3244.0,3244.0,3242.0,3243.0,6986,2098035
2026-05-12 21:40:00,3244.0,3246.0,3243.0,3244.0,18314,2099192
2026-05-12 21:45:00,3243.0,3250.0,3243.0,3246.0,29090,2102865
2026-05-12 21:50:00,3245.0,3247.0,3245.0,3247.0,10401,2102011
2026-05-12 21:55:00,3247.0,3253.0,3245.0,3251.0,22166,2104632
2026-05-12 22:00:00,3251.0,3251.0,3247.0,3249.0,6626,2104583
2026-05-12 22:05:00,3249.0,3251.0,3248.0,3248.0,7664,2104680
2026-05-12 22:10:00,3248.0,3250.0,3247.0,3249.0,9297,2104683
2026-05-12 22:15:00,3250.0,3251.0,3248.0,3251.0,7984,2104954
2026-05-12 22:20:00,3250.0,3251.0,3246.0,3246.0,8512,2103289
2026-05-12 22:25:00,3246.0,3248.0,3246.0,3248.0,324,2101595
2026-05-12 22:30:00,3248.0,3249.0,3246.0,3247.0,6747,2100218
2026-05-12 22:35:00,3247.0,3248.0,3247.0,3248.0,2940,2100103
2026-05-12 22:40:00,3248.0,3248.0,3246.0,3248.0,4447,2099377
2026-05-12 22:45:00,3248.0,3248.0,3246.0,3247.0,4067,2099215
2026-05-12 22:50:00,3247.0,3248.0,3246.0,3248.0,3725,2097670
2026-05-12 22:55:00,3247.0,3251.0,3247.0,3249.0,7737,2096192
2026-05-12 23:00:00,3250.0,3251.0,3247.0,3249.0,8872,2092738
2026-05-13 09:05:00,3251.0,3256.0,3248.0,3255.0,26005,2092888
2026-05-13 09:10:00,3255.0,3256.0,3248.0,3251.0,14256,2092449
2026-05-13 09:15:00,3251.0,3254.0,3250.0,3254.0,7081,2092393
2026-05-13 09:20:00,3254.0,3255.0,3248.0,3250.0,7636,2092418
2026-05-13 09:25:00,3250.0,3251.0,3247.0,3249.0,8315,2092447
2026-05-13 09:30:00,3250.0,3250.0,3246.0,3247.0,8607,2092960
2026-05-13 09:35:00,3248.0,3250.0,3247.0,3250.0,5599,2093289
2026-05-13 09:40:00,3250.0,3254.0,3249.0,3252.0,8691,2093604
2026-05-13 09:45:00,3253.0,3256.0,3251.0,3256.0,9194,2095043
2026-05-13 09:50:00,3256.0,3259.0,3254.0,3258.0,16868,2096598
2026-05-13 09:55:00,3258.0,3260.0,3257.0,3260.0,9782,2097418
2026-05-13 10:00:00,3260.0,3264.0,3259.0,3263.0,19769,2096579
2026-05-13 10:05:00,3263.0,3263.0,3258.0,3261.0,12185,2096851
2026-05-13 10:10:00,3262.0,3264.0,3261.0,3261.0,8382,2095702
2026-05-13 10:15:00,3261.0,3263.0,3261.0,3263.0,5007,2095547
2026-05-13 10:35:00,3262.0,3264.0,3261.0,3263.0,7601,2095994
2026-05-13 10:40:00,3263.0,3267.0,3262.0,3263.0,19583,2096558
2026-05-13 10:45:00,3262.0,3263.0,3258.0,3259.0,9925,2096168
2026-05-13 10:50:00,3258.0,3261.0,3257.0,3261.0,13786,2094357
2026-05-13 10:55:00,3261.0,3261.0,3255.0,3256.0,7514,2093161
2026-05-13 11:00:00,3256.0,3257.0,3251.0,3254.0,15468,2094834
2026-05-13 11:05:00,3254.0,3256.0,3251.0,3253.0,9937,2094156
2026-05-13 11:10:00,3252.0,3253.0,3251.0,3253.0,4842,2093673
2026-05-13 11:15:00,3253.0,3254.0,3251.0,3251.0,7178,2094195
2026-05-13 11:20:00,3251.0,3253.0,3248.0,3253.0,13779,2093045
2026-05-13 11:25:00,3252.0,3253.0,3250.0,3252.0,5703,2093698
2026-05-13 11:30:00,3252.0,3254.0,3248.0,3249.0,10847,2092834
2026-05-13 13:35:00,3249.0,3252.0,3248.0,3249.0,10172,2093353
2026-05-13 13:40:00,3250.0,3252.0,3249.0,3251.0,5688,2093806
2026-05-13 13:45:00,3251.0,3252.0,3248.0,3248.0,9244,2095450
2026-05-13 13:50:00,3248.0,3255.0,3248.0,3253.0,10112,2094965
2026-05-13 13:55:00,3253.0,3254.0,3252.0,3253.0,3499,2095395
2026-05-13 14:00:00,3253.0,3256.0,3253.0,3256.0,7832,2094159
2026-05-13 14:05:00,3256.0,3259.0,3255.0,3258.0,8469,2093974
2026-05-13 14:10:00,3258.0,3262.0,3256.0,3261.0,11991,2094080
2026-05-13 14:15:00,3262.0,3262.0,3258.0,3259.0,8048,2093569
2026-05-13 14:20:00,3259.0,3260.0,3255.0,3256.0,7586,2093978
2026-05-13 14:25:00,3256.0,3258.0,3255.0,3257.0,1422,2093661
2026-05-13 14:30:00,3256.0,3258.0,3255.0,3256.0,4258,2093768
2026-05-13 14:35:00,3257.0,3258.0,3256.0,3257.0,4790,2093488
2026-05-13 14:40:00,3257.0,3259.0,3257.0,3259.0,3435,2093834
2026-05-13 14:45:00,3259.0,3261.0,3258.0,3261.0,12746,2096869
2026-05-13 14:50:00,3262.0,3262.0,3256.0,3258.0,10724,2094636
2026-05-13 14:55:00,3257.0,3258.0,3255.0,3255.0,10647,2093261
2026-05-13 15:00:00,3256.0,3258.0,3255.0,3257.0,9725,2092246
2026-05-13 21:05:00,3249.0,3260.0,3249.0,3253.0,39111,2091735
2026-05-13 21:10:00,3254.0,3254.0,3247.0,3247.0,28362,2084959
2026-05-13 21:15:00,3247.0,3250.0,3245.0,3250.0,31393,2083710
2026-05-13 21:20:00,3250.0,3253.0,3248.0,3249.0,15326,2083984
2026-05-13 21:25:00,3249.0,3254.0,3248.0,3248.0,12270,2082371
2026-05-13 21:30:00,3248.0,3251.0,3248.0,3251.0,7183,2083314
2026-05-13 21:35:00,3252.0,3252.0,3250.0,3250.0,3755,2082802
2026-05-13 21:40:00,3250.0,3251.0,3248.0,3249.0,4856,2083221
2026-05-13 21:45:00,3248.0,3249.0,3246.0,3247.0,11928,2082351
2026-05-13 21:50:00,3247.0,3249.0,3247.0,3247.0,7167,2081912
2026-05-13 21:55:00,3247.0,3248.0,3246.0,3246.0,6675,2080868
2026-05-13 22:00:00,3246.0,3247.0,3246.0,3247.0,6052,2079610
2026-05-13 22:05:00,3247.0,3248.0,3246.0,3247.0,5940,2078562
2026-05-13 22:10:00,3247.0,3248.0,3246.0,3247.0,5166,2076934
2026-05-13 22:15:00,3248.0,3249.0,3247.0,3248.0,3523,2075377
2026-05-13 22:20:00,3248.0,3250.0,3248.0,3248.0,4893,2074084
2026-05-13 22:25:00,3248.0,3249.0,3247.0,3247.0,540,2073312
2026-05-13 22:30:00,3248.0,3248.0,3246.0,3246.0,4164,2072349
2026-05-13 22:35:00,3246.0,3248.0,3246.0,3247.0,3236,2071812
2026-05-13 22:40:00,3247.0,3248.0,3247.0,3247.0,1694,2071149
2026-05-13 22:45:00,3247.0,3248.0,3246.0,3246.0,2779,2070634
2026-05-13 22:50:00,3246.0,3247.0,3246.0,3246.0,2423,2070279
2026-05-13 22:55:00,3246.0,3248.0,3245.0,3246.0,10694,2069354
2026-05-13 23:00:00,3246.0,3247.0,3245.0,3247.0,7528,2067673
2026-05-14 09:05:00,3247.0,3254.0,3246.0,3248.0,22127,2066524
2026-05-14 09:10:00,3247.0,3248.0,3241.0,3242.0,23401,2065838
2026-05-14 09:15:00,3242.0,3246.0,3240.0,3246.0,19517,2065350
2026-05-14 09:20:00,3245.0,3248.0,3244.0,3245.0,10085,2065334
2026-05-14 09:25:00,3245.0,3247.0,3244.0,3245.0,7363,2064860
2026-05-14 09:30:00,3246.0,3246.0,3244.0,3245.0,4436,2064648
2026-05-14 09:35:00,3245.0,3246.0,3241.0,3243.0,8410,2063802
2026-05-14 09:40:00,3243.0,3243.0,3240.0,3241.0,11406,2063844
2026-05-14 09:45:00,3242.0,3242.0,3237.0,3238.0,24463,2060914
2026-05-14 09:50:00,3239.0,3245.0,3238.0,3243.0,11003,2060149
2026-05-14 09:55:00,3244.0,3244.0,3241.0,3241.0,6077,2059558
2026-05-14 10:00:00,3242.0,3243.0,3240.0,3240.0,5363,2059609
2026-05-14 10:05:00,3240.0,3245.0,3240.0,3243.0,8943,2059026
2026-05-14 10:10:00,3243.0,3243.0,3235.0,3236.0,27823,2060628
2026-05-14 10:15:00,3235.0,3238.0,3233.0,3238.0,19315,2057206
2026-05-14 10:35:00,3236.0,3243.0,3235.0,3241.0,885,2057308
2026-05-14 10:40:00,3242.0,3242.0,3238.0,3239.0,7414,2058782
2026-05-14 10:45:00,3238.0,3242.0,3237.0,3242.0,6204,2057479
2026-05-14 10:50:00,3241.0,3242.0,3239.0,3240.0,4958,2056320
2026-05-14 10:55:00,3241.0,3241.0,3238.0,3238.0,5313,2056368
2026-05-14 11:00:00,3238.0,3244.0,3238.0,3243.0,9502,2057105
2026-05-14 11:05:00,3243.0,3245.0,3241.0,3242.0,8985,2057846
2026-05-14 11:10:00,3242.0,3244.0,3242.0,3242.0,4557,2057443
2026-05-14 11:15:00,3241.0,3242.0,3237.0,3239.0,9201,2057414
2026-05-14 11:20:00,3239.0,3241.0,3238.0,3239.0,6595,2056835
2026-05-14 11:25:00,3239.0,3244.0,3238.0,3242.0,8225,2056609
2026-05-14 11:30:00,3242.0,3243.0,3240.0,3242.0,6645,2056008
2026-05-14 13:35:00,3242.0,3255.0,3242.0,3252.0,47967,2054648
2026-05-14 13:40:00,3252.0,3258.0,3252.0,3254.0,26859,2057454
2026-05-14 13:45:00,3254.0,3257.0,3253.0,3255.0,21057,2059400
2026-05-14 13:50:00,3255.0,3255.0,3249.0,3250.0,15876,2059400
2026-05-14 13:55:00,3250.0,3252.0,3250.0,3250.0,8836,2059236
2026-05-14 14:00:00,3250.0,3252.0,3249.0,3250.0,8704,2058678
2026-05-14 14:05:00,3250.0,3250.0,3245.0,3249.0,16836,2060691
2026-05-14 14:10:00,3249.0,3252.0,3249.0,3251.0,7935,2060879
2026-05-14 14:15:00,3250.0,3252.0,3248.0,3248.0,6594,2060208
2026-05-14 14:20:00,3248.0,3251.0,3247.0,3248.0,7256,2060482
2026-05-14 14:25:00,3248.0,3251.0,3248.0,3251.0,2969,2060461
2026-05-14 14:30:00,3250.0,3252.0,3250.0,3252.0,3579,2060853
2026-05-14 14:35:00,3252.0,3254.0,3251.0,3253.0,8182,2061713
2026-05-14 14:40:00,3254.0,3254.0,3248.0,3248.0,8928,2060375
2026-05-14 14:45:00,3248.0,3251.0,3246.0,3248.0,3794,2058363
2026-05-14 14:50:00,3247.0,3252.0,3247.0,3251.0,12403,2057353
2026-05-14 14:55:00,3251.0,3253.0,3250.0,3253.0,8110,2056756
2026-05-14 15:00:00,3253.0,3255.0,3251.0,3255.0,4256,2055051
2026-05-14 21:05:00,3257.0,3272.0,3256.0,3270.0,96605,2066780
2026-05-14 21:10:00,3270.0,3270.0,3265.0,3265.0,38132,2072912
2026-05-14 21:15:00,3266.0,3269.0,3264.0,3268.0,20786,2073179
2026-05-14 21:20:00,3267.0,3268.0,3264.0,3265.0,18919,2076900
2026-05-14 21:25:00,3265.0,3267.0,3264.0,3267.0,9703,2077166
2026-05-14 21:30:00,3267.0,3267.0,3263.0,3264.0,10679,2076977
2026-05-14 21:35:00,3264.0,3264.0,3261.0,3262.0,11058,2077056
2026-05-14 21:40:00,3263.0,3265.0,3261.0,3263.0,7107,2076575
2026-05-14 21:45:00,3263.0,3264.0,3253.0,3254.0,22651,2075319
2026-05-14 21:50:00,3254.0,3257.0,3254.0,3256.0,10229,2075178
2026-05-14 21:55:00,3255.0,3258.0,3255.0,3257.0,6233,2074899
2026-05-14 22:00:00,3256.0,3258.0,3256.0,3258.0,3966,2075068
2026-05-14 22:05:00,3257.0,3262.0,3256.0,3260.0,13777,2073885
2026-05-14 22:10:00,3261.0,3263.0,3260.0,3262.0,6774,2074828
2026-05-14 22:15:00,3262.0,3262.0,3258.0,3258.0,4988,2076350
2026-05-14 22:20:00,3258.0,3259.0,3255.0,3255.0,10077,2074740
2026-05-14 22:25:00,3255.0,3257.0,3254.0,3255.0,2413,2074682
2026-05-14 22:30:00,3256.0,3257.0,3255.0,3255.0,5757,2075633
2026-05-14 22:35:00,3255.0,3257.0,3255.0,3257.0,7313,2075918
2026-05-14 22:40:00,3257.0,3257.0,3255.0,3256.0,4126,2076252
2026-05-14 22:45:00,3256.0,3257.0,3254.0,3257.0,4573,2076394
2026-05-14 22:50:00,3257.0,3258.0,3255.0,3258.0,5527,2075191
2026-05-14 22:55:00,3258.0,3259.0,3257.0,3257.0,7771,2074389
2026-05-14 23:00:00,3257.0,3259.0,3256.0,3257.0,8556,2071673
2026-05-15 09:05:00,3257.0,3264.0,3256.0,3263.0,22067,2074229
2026-05-15 09:10:00,3263.0,3265.0,3260.0,3263.0,15526,2075848
2026-05-15 09:15:00,3264.0,3264.0,3262.0,3262.0,7214,2076724
2026-05-15 09:20:00,3262.0,3263.0,3260.0,3263.0,5636,2077502
2026-05-15 09:25:00,3262.0,3264.0,3261.0,3262.0,5994,2078490
2026-05-15 09:30:00,3262.0,3262.0,3258.0,3258.0,8513,2079110
2026-05-15 09:35:00,3259.0,3259.0,3246.0,3247.0,36624,2075910
2026-05-15 09:40:00,3248.0,3249.0,3244.0,3249.0,20308,2075102
2026-05-15 09:45:00,3249.0,3251.0,3245.0,3247.0,14364,2076133
2026-05-15 09:50:00,3246.0,3249.0,3245.0,3248.0,523,2076546
2026-05-15 09:55:00,3248.0,3249.0,3246.0,3249.0,8298,2076124
2026-05-15 10:00:00,3249.0,3249.0,3245.0,3246.0,11685,2072970
2026-05-15 10:05:00,3246.0,3247.0,3245.0,3246.0,8662,2072503
2026-05-15 10:10:00,3244.0,3247.0,3241.0,3243.0,21643,2069890
2026-05-15 10:15:00,3245.0,3246.0,3243.0,3245.0,10356,2068026
2026-05-15 10:35:00,3245.0,3247.0,3242.0,3246.0,13357,2068855
2026-05-15 10:40:00,3245.0,3246.0,3242.0,3244.0,11270,2068673
2026-05-15 10:45:00,3244.0,3245.0,3241.0,3242.0,6981,2068163
2026-05-15 10:50:00,3242.0,3244.0,3241.0,3243.0,9708,2066466
2026-05-15 10:55:00,3243.0,3246.0,3243.0,3245.0,6367,2066406
2026-05-15 11:00:00,3246.0,3248.0,3244.0,3247.0,7844,2065281
2026-05-15 11:05:00,3247.0,3250.0,3245.0,3250.0,10574,2066030
2026-05-15 11:10:00,3249.0,3251.0,3248.0,3248.0,7225,2066982
2026-05-15 11:15:00,3248.0,3249.0,3244.0,3245.0,8729,2064838
2026-05-15 11:20:00,3244.0,3246.0,3239.0,3240.0,16413,2061810
2026-05-15 11:25:00,3239.0,3240.0,3236.0,3238.0,20074,2061299
2026-05-15 11:30:00,3238.0,3240.0,3238.0,3239.0,2900,2059002
2026-05-15 13:35:00,3240.0,3240.0,3234.0,3238.0,26837,2057283
2026-05-15 13:40:00,3237.0,3240.0,3235.0,3236.0,13074,2057686
2026-05-15 13:45:00,3236.0,3239.0,3234.0,3236.0,13522,2056477
2026-05-15 13:50:00,3237.0,3238.0,3235.0,3237.0,7546,2055444
2026-05-15 13:55:00,3237.0,3239.0,3236.0,3239.0,9065,2054498
2026-05-15 14:00:00,3239.0,3240.0,3234.0,3234.0,9451,2053922
2026-05-15 14:05:00,3237.0,3237.0,3234.0,3235.0,7825,2053558
2026-05-15 14:10:00,3235.0,3237.0,3233.0,3235.0,11653,2051945
2026-05-15 14:15:00,3235.0,3236.0,3230.0,3233.0,27539,2050000
2026-05-15 14:20:00,3233.0,3236.0,3232.0,3234.0,10335,2047546
2026-05-15 14:25:00,3234.0,3234.0,3231.0,3232.0,6619,2045630
2026-05-15 14:30:00,3232.0,3233.0,3231.0,3231.0,8062,2042968
2026-05-15 14:35:00,3231.0,3234.0,3231.0,3233.0,7184,2040321
2026-05-15 14:40:00,3233.0,3234.0,3228.0,3229.0,24655,2035055
2026-05-15 14:45:00,3228.0,3232.0,3226.0,3228.0,18693,2033619
2026-05-15 14:50:00,3228.0,3229.0,3226.0,3226.0,12304,2031817
2026-05-15 14:55:00,3226.0,3231.0,3226.0,3230.0,19068,2029244
2026-05-15 15:00:00,3231.0,3233.0,3230.0,3232.0,253,2021601
2026-05-15 21:05:00,3231.0,3236.0,3227.0,3230.0,49306,2018291
2026-05-15 21:10:00,3230.0,3232.0,3225.0,3227.0,21577,2016710
2026-05-15 21:15:00,3228.0,3229.0,3225.0,3226.0,13409,2018245
2026-05-15 21:20:00,3226.0,3228.0,3226.0,3227.0,7993,2017005
2026-05-15 21:25:00,3227.0,3234.0,3226.0,3233.0,14641,2015767
2026-05-15 21:30:00,3234.0,3234.0,3230.0,3230.0,10466,2015171
2026-05-15 21:35:00,3231.0,3233.0,3230.0,3231.0,5250,2014277
2026-05-15 21:40:00,3232.0,3232.0,3230.0,3230.0,4115,2013787
2026-05-15 21:45:00,3231.0,3233.0,3229.0,3232.0,5266,2012352
2026-05-15 21:50:00,3233.0,3233.0,3231.0,3231.0,3028,2011619
2026-05-15 21:55:00,3232.0,3233.0,3229.0,3233.0,8014,2011908
2026-05-15 22:00:00,3233.0,3234.0,3231.0,3231.0,5290,2010656
2026-05-15 22:05:00,3232.0,3233.0,3230.0,3230.0,3010,2010307
2026-05-15 22:10:00,3230.0,3231.0,3226.0,3227.0,9501,2009399
2026-05-15 22:15:00,3227.0,3229.0,3227.0,3228.0,3162,2008742
2026-05-15 22:20:00,3227.0,3228.0,3226.0,3226.0,4870,2009757
2026-05-15 22:25:00,3226.0,3228.0,3226.0,3227.0,215,2008881
2026-05-15 22:30:00,3227.0,3229.0,3227.0,3229.0,3182,2007455
2026-05-15 22:35:00,3228.0,3229.0,3227.0,3227.0,2819,2007147
2026-05-15 22:40:00,3228.0,3228.0,3225.0,3226.0,7480,2003759
2026-05-15 22:45:00,3226.0,3227.0,3225.0,3226.0,3680,2003100
2026-05-15 22:50:00,3227.0,3228.0,3226.0,3228.0,2248,2002136
2026-05-15 22:55:00,3228.0,3230.0,3227.0,3228.0,6714,2000527
2026-05-15 23:00:00,3228.0,3230.0,3228.0,3228.0,5689,1997641
2026-05-18 09:05:00,3229.0,3235.0,3224.0,3234.0,33054,1993502
2026-05-18 09:10:00,3234.0,3234.0,3231.0,3232.0,12643,1994704
2026-05-18 09:15:00,3232.0,3234.0,3227.0,3228.0,10560,1993971
2026-05-18 09:20:00,3228.0,3230.0,3227.0,3228.0,6969,1992042
2026-05-18 09:25:00,3229.0,3231.0,3227.0,3228.0,9188,1992097
2026-05-18 09:30:00,3228.0,3231.0,3227.0,3229.0,9197,1992346
2026-05-18 09:35:00,3230.0,3232.0,3229.0,3231.0,7426,1991214
2026-05-18 09:40:00,3232.0,3235.0,3231.0,3234.0,17432,1989397
2026-05-18 09:45:00,3233.0,3234.0,3228.0,3229.0,8264,1987799
2026-05-18 09:50:00,3228.0,3229.0,3225.0,3227.0,14580,1987265
2026-05-18 09:55:00,3227.0,3228.0,3226.0,3227.0,4282,1986616
2026-05-18 10:00:00,3226.0,3230.0,3226.0,3229.0,4065,1985556
2026-05-18 10:05:00,3230.0,3230.0,3227.0,3230.0,4218,1985055
2026-05-18 10:10:00,3229.0,3232.0,3229.0,3230.0,7354,1984351
2026-05-18 10:15:00,3230.0,3231.0,3228.0,3231.0,4658,1983846
2026-05-18 10:35:00,3231.0,3231.0,3228.0,3228.0,3770,1982631
2026-05-18 10:40:00,3228.0,3229.0,3226.0,3229.0,6627,1981556
2026-05-18 10:45:00,3230.0,3230.0,3228.0,3228.0,3975,1980872
2026-05-18 10:50:00,3228.0,3230.0,3227.0,3228.0,4226,1979711
2026-05-18 10:55:00,3228.0,3229.0,3227.0,3227.0,3834,1978517
2026-05-18 11:00:00,3227.0,3228.0,3226.0,3226.0,3393,1978613
2026-05-18 11:05:00,3226.0,3228.0,3224.0,3224.0,8459,1979477
2026-05-18 11:10:00,3224.0,3225.0,3216.0,3218.0,43389,1974961
2026-05-18 11:15:00,3217.0,3218.0,3215.0,3215.0,24186,1974192
2026-05-18 11:20:00,3216.0,3220.0,3214.0,3219.0,22512,1969597
2026-05-18 11:25:00,3219.0,3219.0,3213.0,3214.0,14512,1966965
2026-05-18 11:30:00,3214.0,3216.0,3213.0,3215.0,9997,1966088
2026-05-18 13:35:00,3216.0,3218.0,3215.0,3218.0,10293,1966163
2026-05-18 13:40:00,3218.0,3219.0,3214.0,3214.0,8508,1965805
2026-05-18 13:45:00,3214.0,3215.0,3210.0,3213.0,21937,1963141
2026-05-18 13:50:00,3213.0,3214.0,3211.0,3211.0,4935,1962857
2026-05-18 13:55:00,3212.0,3213.0,3211.0,3213.0,8466,1962095
2026-05-18 14:00:00,3213.0,3214.0,3212.0,3214.0,8260,1962826
2026-05-18 14:05:00,3213.0,3214.0,3211.0,3213.0,5259,1962571
2026-05-18 14:10:00,3214.0,3214.0,3212.0,3213.0,4330,1961893
2026-05-18 14:15:00,3214.0,3214.0,3211.0,3211.0,6543,1963399
2026-05-18 14:20:00,3212.0,3212.0,3208.0,3208.0,23457,1966272
2026-05-18 14:25:00,3208.0,3210.0,3207.0,3208.0,16743,1965497
2026-05-18 14:30:00,3207.0,3211.0,3207.0,3207.0,11653,1966601
2026-05-18 14:35:00,3207.0,3209.0,3207.0,3209.0,8179,1964333
2026-05-18 14:40:00,3208.0,3209.0,3207.0,3207.0,5960,1962487
2026-05-18 14:45:00,3208.0,3208.0,3204.0,3206.0,28852,1959181
2026-05-18 14:50:00,3204.0,3207.0,3204.0,3207.0,12161,1959982
2026-05-18 14:55:00,3207.0,3207.0,3205.0,3206.0,13366,1958224
2026-05-18 15:00:00,3207.0,3207.0,3205.0,3206.0,47,1954850
2026-05-18 21:05:00,3209.0,3212.0,3206.0,3206.0,43734,1949863
2026-05-18 21:10:00,3206.0,3207.0,3200.0,3201.0,34816,1948909
2026-05-18 21:15:00,3202.0,3204.0,3200.0,3202.0,16780,1947677
2026-05-18 21:20:00,3202.0,3203.0,3201.0,3202.0,12957,1949887
2026-05-18 21:25:00,3203.0,3204.0,3200.0,3201.0,10369,1952257
2026-05-18 21:30:00,3199.0,3203.0,3198.0,3202.0,17255,1950015
2026-05-18 21:35:00,3203.0,3203.0,3199.0,3202.0,7472,1949762
2026-05-18 21:40:00,3202.0,3203.0,3201.0,3202.0,4250,1949181
2026-05-18 21:45:00,3202.0,3205.0,3202.0,3204.0,8204,1949928
2026-05-18 21:50:00,3204.0,3206.0,3204.0,3205.0,8151,1951069
2026-05-18 21:55:00,3204.0,3206.0,3202.0,3206.0,7715,1950610
2026-05-18 22:00:00,3206.0,3209.0,3205.0,3208.0,9981,1951049
2026-05-18 22:05:00,3208.0,3208.0,3205.0,3207.0,6945,1950835
2026-05-18 22:10:00,3206.0,3207.0,3205.0,3206.0,2559,1950563
2026-05-18 22:15:00,3207.0,3207.0,3206.0,3207.0,2520,1949495
2026-05-18 22:20:00,3206.0,3207.0,3206.0,3206.0,1254,1949266
2026-05-18 22:25:00,3207.0,3207.0,3204.0,3205.0,216,1948696
2026-05-18 22:30:00,3205.0,3206.0,3204.0,3205.0,2416,1949052
2026-05-18 22:35:00,3205.0,3205.0,3203.0,3204.0,2995,1948898
2026-05-18 22:40:00,3204.0,3204.0,3203.0,3204.0,1420,1948443
2026-05-18 22:45:00,3204.0,3204.0,3201.0,3201.0,6112,1947510
2026-05-18 22:50:00,3202.0,3203.0,3200.0,3202.0,6310,1947601
2026-05-18 22:55:00,3202.0,3206.0,3202.0,3204.0,4821,1946816
2026-05-18 23:00:00,3204.0,3207.0,3204.0,3205.0,5362,1944619
2026-05-19 09:05:00,3206.0,3207.0,3201.0,3204.0,16176,1942058
2026-05-19 09:10:00,3205.0,3207.0,3203.0,3204.0,8671,1942496
2026-05-19 09:15:00,3203.0,3205.0,3202.0,3202.0,5176,1941962
2026-05-19 09:20:00,3202.0,3204.0,3200.0,3201.0,12719,1940593
2026-05-19 09:25:00,3201.0,3202.0,3193.0,3194.0,30977,1934324
2026-05-19 09:30:00,3194.0,3195.0,3191.0,3192.0,26233,1929049
2026-05-19 09:35:00,3193.0,3195.0,3192.0,3192.0,10296,1927450
2026-05-19 09:40:00,3193.0,3195.0,3192.0,3194.0,9179,1926204
2026-05-19 09:45:00,3193.0,3194.0,3190.0,3192.0,18573,1919902
2026-05-19 09:50:00,3191.0,3193.0,3190.0,3192.0,7291,1919162
2026-05-19 09:55:00,3193.0,3195.0,3192.0,3193.0,6859,1918144
2026-05-19 10:00:00,3192.0,3193.0,3191.0,3193.0,5660,1917791
2026-05-19 10:05:00,3192.0,3194.0,3191.0,3193.0,6442,1915645
2026-05-19 10:10:00,3193.0,3194.0,3191.0,3191.0,6067,1914863
2026-05-19 10:15:00,3193.0,3195.0,3191.0,3193.0,8854,1912970
2026-05-19 10:35:00,3192.0,3194.0,3191.0,3193.0,5357,1911872
2026-05-19 10:40:00,3192.0,3194.0,3192.0,3193.0,5857,1910667
2026-05-19 10:45:00,3193.0,3193.0,3190.0,3191.0,7419,1910200
2026-05-19 10:50:00,3191.0,3191.0,3188.0,3189.0,17303,1909769
2026-05-19 10:55:00,3189.0,3190.0,3187.0,3188.0,15302,1906637
2026-05-19 11:00:00,3189.0,3190.0,3188.0,3190.0,6812,1904801
2026-05-19 11:05:00,3190.0,3192.0,3189.0,3189.0,10629,1903347
2026-05-19 11:10:00,3190.0,3190.0,3188.0,3188.0,4954,1904138
2026-05-19 11:15:00,3189.0,3189.0,3187.0,3187.0,6307,1903358
2026-05-19 11:20:00,3187.0,3190.0,3187.0,3189.0,6429,1902758
2026-05-19 11:25:00,3188.0,3190.0,3187.0,3188.0,5446,1901358
2026-05-19 11:30:00,3188.0,3192.0,3187.0,3191.0,9880,1901326
2026-05-19 13:35:00,3192.0,3193.0,3189.0,3191.0,10689,1899164
2026-05-19 13:40:00,3191.0,3191.0,3189.0,3191.0,6319,1897630
2026-05-19 13:45:00,3190.0,3192.0,3189.0,3192.0,5430,1896931
2026-05-19 13:50:00,3192.0,3192.0,3188.0,3191.0,10694,1895471
2026-05-19 13:55:00,3190.0,3191.0,3189.0,3191.0,3383,1895661
2026-05-19 14:00:00,3191.0,3192.0,3189.0,3191.0,6524,1895959
2026-05-19 14:05:00,3191.0,3194.0,3191.0,3194.0,10576,1894982
2026-05-19 14:10:00,3194.0,3194.0,3189.0,3190.0,8947,1893121
2026-05-19 14:15:00,3190.0,3191.0,3189.0,3190.0,4066,1892174
2026-05-19 14:20:00,3190.0,3191.0,3189.0,3190.0,5544,1890911
2026-05-19 14:25:00,3190.0,3190.0,3188.0,3190.0,5502,1891225
2026-05-19 14:30:00,3190.0,3191.0,3189.0,3191.0,5816,1891171
2026-05-19 14:35:00,3191.0,3195.0,3189.0,3195.0,12851,1891969
2026-05-19 14:40:00,3194.0,3195.0,3190.0,3192.0,8342,1890480
2026-05-19 14:45:00,3191.0,3195.0,3191.0,3195.0,2060,1890259
2026-05-19 14:50:00,3195.0,3200.0,3194.0,3200.0,10747,1886853
2026-05-19 14:55:00,3200.0,3204.0,3198.0,3200.0,4944,1880963
2026-05-19 15:00:00,3200.0,3204.0,3199.0,3204.0,4070,1873631
2026-05-19 21:05:00,3205.0,3205.0,3200.0,3200.0,38440,1873790
2026-05-19 21:10:00,3200.0,3201.0,3196.0,3198.0,21453,1875362
2026-05-19 21:15:00,3197.0,3199.0,3196.0,3197.0,11920,1877408
2026-05-19 21:20:00,3196.0,3200.0,3195.0,3199.0,16374,1878268
2026-05-19 21:25:00,3199.0,3200.0,3196.0,3197.0,9713,1878129
2026-05-19 21:30:00,3197.0,3202.0,3196.0,3201.0,11217,1878684
2026-05-19 21:35:00,3200.0,3202.0,3200.0,3200.0,6136,1878629
2026-05-19 21:40:00,3200.0,3201.0,3198.0,3199.0,6499,1878696
2026-05-19 21:45:00,3199.0,3200.0,3199.0,3199.0,2862,1878457
2026-05-19 21:50:00,3199.0,3200.0,3198.0,3198.0,5125,1877500
2026-05-19 21:55:00,3198.0,3199.0,3197.0,3197.0,2758,1877311
2026-05-19 22:00:00,3198.0,3199.0,3197.0,3199.0,3629,1877763
2026-05-19 22:05:00,3199.0,3199.0,3198.0,3198.0,1620,1877505
2026-05-19 22:10:00,3198.0,3199.0,3198.0,3198.0,3343,1877114
2026-05-19 22:15:00,3199.0,3199.0,3195.0,3196.0,8417,1878162
2026-05-19 22:20:00,3197.0,3198.0,3195.0,3195.0,6237,1879796
2026-05-19 22:25:00,3196.0,3197.0,3195.0,3196.0,5579,1879389
2026-05-19 22:30:00,3196.0,3197.0,3194.0,3195.0,4521,1878684
2026-05-19 22:35:00,3195.0,3197.0,3194.0,3197.0,7022,1876940
2026-05-19 22:40:00,3197.0,3197.0,3195.0,3195.0,2041,1876291
2026-05-19 22:45:00,3195.0,3197.0,3194.0,3197.0,5856,1875502
2026-05-19 22:50:00,3196.0,3197.0,3196.0,3197.0,3037,1874975
2026-05-19 22:55:00,3196.0,3199.0,3196.0,3199.0,4601,1875232
2026-05-19 23:00:00,3198.0,3200.0,3197.0,3198.0,7743,1873427
2026-05-20 09:05:00,3199.0,3199.0,3194.0,3194.0,9979,1871437
2026-05-20 09:10:00,3195.0,3196.0,3193.0,3193.0,7809,1869878
2026-05-20 09:15:00,3193.0,3195.0,3192.0,3195.0,5412,1869880
2026-05-20 09:20:00,3195.0,3195.0,3193.0,3194.0,3477,1869411
2026-05-20 09:25:00,3194.0,3196.0,3193.0,3193.0,5082,1870323
2026-05-20 09:30:00,3194.0,3194.0,3192.0,3192.0,5654,1869875
2026-05-20 09:35:00,3192.0,3193.0,3191.0,3193.0,9619,1868723
2026-05-20 09:40:00,3193.0,3193.0,3191.0,3191.0,4320,1869573
2026-05-20 09:45:00,3192.0,3192.0,3188.0,3190.0,17067,1867276
2026-05-20 09:50:00,3189.0,3191.0,3188.0,3191.0,9478,1866848
2026-05-20 09:55:00,3190.0,3191.0,3188.0,3189.0,6647,1867049
2026-05-20 10:00:00,3188.0,3189.0,3186.0,3187.0,12067,1865614
2026-05-20 10:05:00,3186.0,3187.0,3183.0,3185.0,22976,1860686
2026-05-20 10:10:00,3185.0,3186.0,3181.0,3181.0,19236,1860124
2026-05-20 10:15:00,3184.0,3184.0,3181.0,3182.0,14468,1860796
2026-05-20 10:35:00,3182.0,3185.0,3182.0,3184.0,15431,1860869
2026-05-20 10:40:00,3182.0,3185.0,3181.0,3181.0,9047,1860540
2026-05-20 10:45:00,3181.0,3183.0,3180.0,3182.0,12928,1859943
2026-05-20 10:50:00,3180.0,3182.0,3180.0,3181.0,9446,1860133
2026-05-20 10:55:00,3181.0,3182.0,3177.0,3180.0,24025,1860472
2026-05-20 11:00:00,3180.0,3182.0,3179.0,3182.0,8041,1860471
2026-05-20 11:05:00,3182.0,3185.0,3181.0,3182.0,15634,1860505
2026-05-20 11:10:00,3182.0,3184.0,3181.0,3182.0,6759,1860863
2026-05-20 11:15:00,3182.0,3184.0,3181.0,3181.0,5371,1861656
2026-05-20 11:20:00,3181.0,3182.0,3179.0,3180.0,15130,1858912
2026-05-20 11:25:00,3180.0,3181.0,3178.0,3181.0,6483,1858184
2026-05-20 11:30:00,3181.0,3182.0,3180.0,3181.0,15,1858332
2026-05-20 13:35:00,3182.0,3184.0,3181.0,3181.0,9545,1856979
2026-05-20 13:40:00,3180.0,3182.0,3180.0,3181.0,6752,1857422
2026-05-20 13:45:00,3178.0,3181.0,3177.0,3177.0,11505,1858631
2026-05-20 13:50:00,3179.0,3182.0,3177.0,3182.0,7158,1858398
2026-05-20 13:55:00,3181.0,3184.0,3181.0,3183.0,10187,1856056
2026-05-20 14:00:00,3184.0,3186.0,3183.0,3185.0,14548,1855954
2026-05-20 14:05:00,3184.0,3190.0,3183.0,3188.0,19564,1851909
2026-05-20 14:10:00,3189.0,3191.0,3186.0,3189.0,19121,1851270
2026-05-20 14:15:00,3188.0,3189.0,3186.0,3187.0,8984,1851953
2026-05-20 14:20:00,3186.0,3188.0,3185.0,3187.0,8128,1851303
2026-05-20 14:25:00,3187.0,3189.0,3186.0,3188.0,5705,1850297
2026-05-20 14:30:00,3187.0,3189.0,3187.0,3187.0,7414,1849758
2026-05-20 14:35:00,3187.0,3189.0,3187.0,3188.0,3817,1849192
2026-05-20 14:40:00,3188.0,3189.0,3187.0,3188.0,4341,1848396
2026-05-20 14:45:00,3188.0,3189.0,3187.0,3188.0,4716,1848862
2026-05-20 14:50:00,3189.0,3190.0,3187.0,3189.0,9585,1849450
2026-05-20 14:55:00,3188.0,3189.0,3186.0,3187.0,2883,1852414
2026-05-20 15:00:00,3188.0,3190.0,3188.0,3189.0,1282,1851774
2026-05-20 21:05:00,3191.0,3196.0,3183.0,3186.0,62598,1854374
2026-05-20 21:10:00,3185.0,3186.0,3182.0,3183.0,22733,1857097
2026-05-20 21:15:00,3182.0,3184.0,3181.0,3182.0,15270,1854854
2026-05-20 21:20:00,3182.0,3183.0,3180.0,3182.0,10725,1853759
2026-05-20 21:25:00,3182.0,3182.0,3180.0,3181.0,11001,1853477
2026-05-20 21:30:00,3182.0,3182.0,3181.0,3182.0,4228,1852255
2026-05-20 21:35:00,3182.0,3186.0,3182.0,3185.0,14318,1851388
2026-05-20 21:40:00,3185.0,3186.0,3184.0,3186.0,4190,1851683
2026-05-20 21:45:00,3186.0,3187.0,3185.0,3186.0,3953,1851718
2026-05-20 21:50:00,3186.0,3186.0,3183.0,3183.0,3961,1851997
2026-05-20 21:55:00,3183.0,3184.0,3182.0,3182.0,2575,1852343
2026-05-20 22:00:00,3182.0,3185.0,3181.0,3184.0,8281,1850230
2026-05-20 22:05:00,3184.0,3184.0,3183.0,3184.0,1978,1849673
2026-05-20 22:10:00,3183.0,3184.0,3181.0,3181.0,4771,1850407
2026-05-20 22:15:00,3182.0,3183.0,3181.0,3183.0,1478,1850617
2026-05-20 22:20:00,3182.0,3183.0,3182.0,3182.0,1469,1850084
2026-05-20 22:25:00,3182.0,3184.0,3182.0,3184.0,2699,1849807
2026-05-20 22:30:00,3184.0,3185.0,3183.0,3184.0,889,1850560
2026-05-20 22:35:00,3185.0,3185.0,3183.0,3184.0,2956,1851067
2026-05-20 22:40:00,3184.0,3188.0,3184.0,3186.0,7100,1852177
2026-05-20 22:45:00,3185.0,3187.0,3185.0,3185.0,3694,1852115
2026-05-20 22:50:00,3185.0,3188.0,3185.0,3188.0,3018,1852529
2026-05-20 22:55:00,3188.0,3188.0,3185.0,3185.0,3234,1852359
2026-05-20 23:00:00,3186.0,3187.0,3185.0,3186.0,4867,1850457
2026-05-21 09:05:00,3185.0,3191.0,3183.0,3190.0,17230,1848583
2026-05-21 09:10:00,3189.0,3191.0,3188.0,3189.0,12625,1847262
2026-05-21 09:15:00,3190.0,3190.0,3188.0,3189.0,8378,1846772
2026-05-21 09:20:00,3190.0,3191.0,3188.0,3190.0,9999,1847593
2026-05-21 09:25:00,3190.0,3191.0,3186.0,3190.0,10214,1845829
2026-05-21 09:30:00,3190.0,3191.0,3188.0,3191.0,6250,1845295
2026-05-21 09:35:00,3190.0,3192.0,3190.0,3192.0,5382,1845426
2026-05-21 09:40:00,3192.0,3194.0,3191.0,3193.0,12092,1844756
2026-05-21 09:45:00,3193.0,3195.0,3191.0,3192.0,12761,1844713
2026-05-21 09:50:00,3192.0,3192.0,3190.0,3192.0,4312,1844794
2026-05-21 09:55:00,3191.0,3192.0,3188.0,3188.0,16179,1843062
2026-05-21 10:00:00,3189.0,3191.0,3186.0,3190.0,8215,1843698
2026-05-21 10:05:00,3190.0,3190.0,3188.0,3189.0,6896,1843829
2026-05-21 10:10:00,3190.0,3192.0,3189.0,3192.0,5632,1844268
2026-05-21 10:15:00,3192.0,3192.0,3190.0,3192.0,5221,1843265
2026-05-21 10:35:00,3192.0,3194.0,3191.0,3193.0,5867,1844573
2026-05-21 10:40:00,3194.0,3195.0,3192.0,3194.0,9211,1845017
2026-05-21 10:45:00,3194.0,3198.0,3193.0,3197.0,24629,1846680
2026-05-21 10:50:00,3196.0,3197.0,3194.0,3194.0,9510,1846909
2026-05-21 10:55:00,3194.0,3195.0,3191.0,3191.0,7503,1845705
2026-05-21 11:00:00,3191.0,3193.0,3191.0,3192.0,4721,1844833
2026-05-21 11:05:00,3192.0,3193.0,3191.0,3192.0,4563,1845628
2026-05-21 11:10:00,3192.0,3193.0,3191.0,3191.0,5985,1845995
2026-05-21 11:15:00,3192.0,3192.0,3190.0,3190.0,4013,1846270
2026-05-21 11:20:00,3190.0,3192.0,3189.0,3191.0,8748,1847171
2026-05-21 11:25:00,3191.0,3193.0,3190.0,3193.0,2685,1846991
2026-05-21 11:30:00,3192.0,3193.0,3191.0,3191.0,6102,1847937
2026-05-21 13:35:00,3192.0,3195.0,3186.0,3187.0,34984,1845591
2026-05-21 13:40:00,3187.0,3191.0,3186.0,3189.0,8495,1846520
2026-05-21 13:45:00,3190.0,3190.0,3184.0,3184.0,18433,1844057
2026-05-21 13:50:00,3185.0,3185.0,3182.0,3182.0,15631,1843681
2026-05-21 13:55:00,3182.0,3186.0,3182.0,3184.0,9432,1842647
2026-05-21 14:00:00,3184.0,3184.0,3180.0,3182.0,18885,1842744
2026-05-21 14:05:00,3181.0,3183.0,3179.0,3182.0,21121,1840469
2026-05-21 14:10:00,3182.0,3183.0,3177.0,3180.0,23096,1838462
2026-05-21 14:15:00,3180.0,3181.0,3178.0,3181.0,14307,1839436
2026-05-21 14:20:00,3180.0,3181.0,3177.0,3178.0,9310,1838890
2026-05-21 14:25:00,3178.0,3179.0,3175.0,3176.0,23780,1837777
2026-05-21 14:30:00,3177.0,3177.0,3172.0,3172.0,24884,1837732
2026-05-21 14:35:00,3172.0,3176.0,3172.0,3175.0,14306,1840090
2026-05-21 14:40:00,3174.0,3177.0,3173.0,3176.0,13688,1841516
2026-05-21 14:45:00,3176.0,3176.0,3172.0,3174.0,16127,1843660
2026-05-21 14:50:00,3174.0,3175.0,3172.0,3173.0,12303,1843278
2026-05-21 14:55:00,3174.0,3175.0,3172.0,3175.0,11475,1843240
2026-05-21 15:00:00,3174.0,3176.0,3173.0,3175.0,12920,1840880
2026-05-21 21:05:00,3178.0,3178.0,3172.0,3172.0,42936,1837741
2026-05-21 21:10:00,3172.0,3174.0,3170.0,3174.0,22266,1837988
2026-05-21 21:15:00,3174.0,3174.0,3172.0,3172.0,9677,1838064
2026-05-21 21:20:00,3172.0,3173.0,3170.0,3171.0,7370,1838268
2026-05-21 21:25:00,3171.0,3172.0,3168.0,3171.0,20747,1841565
2026-05-21 21:30:00,3172.0,3172.0,3170.0,3172.0,10392,1840565
2026-05-21 21:35:00,3172.0,3174.0,3171.0,3174.0,11667,1837407
2026-05-21 21:40:00,3174.0,3175.0,3172.0,3173.0,6713,1836970
2026-05-21 21:45:00,3173.0,3174.0,3172.0,3172.0,7247,1834966
2026-05-21 21:50:00,3172.0,3174.0,3170.0,3171.0,7461,1836333
2026-05-21 21:55:00,3170.0,3171.0,3169.0,3170.0,7323,1836616
2026-05-21 22:00:00,3170.0,3172.0,3170.0,3171.0,3009,1836520
2026-05-21 22:05:00,3171.0,3172.0,3171.0,3171.0,2662,1836290
2026-05-21 22:10:00,3172.0,3172.0,3170.0,3170.0,2849,1836964
2026-05-21 22:15:00,3170.0,3172.0,3169.0,3171.0,5792,1837770
2026-05-21 22:20:00,3171.0,3171.0,3169.0,3169.0,2763,1837389
2026-05-21 22:25:00,3169.0,3171.0,3168.0,3169.0,4327,1837206
2026-05-21 22:30:00,3169.0,3169.0,3168.0,3168.0,4450,1837059
2026-05-21 22:35:00,3169.0,3169.0,3167.0,3168.0,4631,1836561
2026-05-21 22:40:00,3168.0,3170.0,3168.0,3169.0,5334,1835646
2026-05-21 22:45:00,3169.0,3170.0,3168.0,3168.0,2673,1835809
2026-05-21 22:50:00,3168.0,3169.0,3168.0,3168.0,2697,1835893
2026-05-21 22:55:00,3168.0,3169.0,3168.0,3168.0,2000,1835306
2026-05-21 23:00:00,3169.0,3169.0,3166.0,3167.0,9267,1832359
2026-05-22 09:05:00,3167.0,3169.0,3164.0,3166.0,25701,1829073
2026-05-22 09:10:00,3166.0,3167.0,3163.0,3166.0,14751,1831645
2026-05-22 09:15:00,3165.0,3167.0,3165.0,3166.0,6004,1831752
2026-05-22 09:20:00,3166.0,3168.0,3166.0,3167.0,4995,1831483
2026-05-22 09:25:00,3166.0,3169.0,3166.0,3167.0,8057,1831596
2026-05-22 09:30:00,3167.0,3170.0,3167.0,3170.0,6369,1830991
2026-05-22 09:35:00,3170.0,3170.0,3167.0,3170.0,8733,1830303
2026-05-22 09:40:00,3170.0,3170.0,3167.0,3168.0,10337,1827294
2026-05-22 09:45:00,3168.0,3169.0,3167.0,3167.0,5855,1826093
2026-05-22 09:50:00,3167.0,3169.0,3167.0,3168.0,3227,1825098
2026-05-22 09:55:00,3167.0,3168.0,3166.0,3167.0,3890,1824108
2026-05-22 10:00:00,3166.0,3167.0,3165.0,3166.0,6129,1823095
2026-05-22 10:05:00,3165.0,3169.0,3165.0,3169.0,11543,1822462
2026-05-22 10:10:00,3168.0,3175.0,3168.0,3173.0,23159,1820322
2026-05-22 10:15:00,3173.0,3177.0,3173.0,3175.0,9711,1818475
2026-05-22 10:35:00,3177.0,3177.0,3173.0,3173.0,19162,1815836
2026-05-22 10:40:00,3174.0,3177.0,3173.0,3176.0,7656,1817489
2026-05-22 10:45:00,3175.0,3177.0,3173.0,3175.0,9038,1816044
2026-05-22 10:50:00,3175.0,3175.0,3171.0,3173.0,9161,1814179
2026-05-22 10:55:00,3173.0,3176.0,3171.0,3175.0,9062,1813071
2026-05-22 11:00:00,3175.0,3179.0,3174.0,3176.0,14473,1813465
2026-05-22 11:05:00,3175.0,3177.0,3173.0,3174.0,9448,1810801
2026-05-22 11:10:00,3174.0,3174.0,3173.0,3173.0,2371,1810513
2026-05-22 11:15:00,3173.0,3175.0,3172.0,3174.0,4511,1809426
2026-05-22 11:20:00,3174.0,3175.0,3172.0,3173.0,6603,1808813
2026-05-22 11:25:00,3173.0,3174.0,3172.0,3174.0,2118,1808793
2026-05-22 11:30:00,3174.0,3174.0,3171.0,3172.0,4883,1807964
2026-05-22 13:35:00,3173.0,3178.0,3172.0,3176.0,11504,1807163
2026-05-22 13:40:00,3176.0,3177.0,3173.0,3173.0,7390,1806457
2026-05-22 13:45:00,3173.0,3174.0,3172.0,3172.0,4979,1806044
2026-05-22 13:50:00,3172.0,3177.0,3171.0,3176.0,8560,1806041
2026-05-22 13:55:00,3177.0,3178.0,3175.0,3177.0,8667,1806075
2026-05-22 14:00:00,3176.0,3177.0,3173.0,3174.0,7747,1806468
2026-05-22 14:05:00,3174.0,3175.0,3173.0,3173.0,4408,1806406
2026-05-22 14:10:00,3173.0,3174.0,3170.0,3172.0,9705,1805717
2026-05-22 14:15:00,3171.0,3173.0,3170.0,3172.0,6173,1805167
2026-05-22 14:20:00,3172.0,3173.0,3169.0,3171.0,12757,1803578
2026-05-22 14:25:00,3171.0,3172.0,3168.0,3171.0,12336,1803213
2026-05-22 14:30:00,3171.0,3171.0,3167.0,3169.0,6417,1803319
2026-05-22 14:35:00,3168.0,3170.0,3167.0,3169.0,3578,1803361
2026-05-22 14:40:00,3169.0,3170.0,3167.0,3168.0,2137,1804152
2026-05-22 14:45:00,3168.0,3168.0,3166.0,3167.0,6155,1803708
2026-05-22 14:50:00,3166.0,3168.0,3165.0,3166.0,10923,1804307
2026-05-22 14:55:00,3166.0,3170.0,3166.0,3169.0,9685,1805324
2026-05-22 15:00:00,3169.0,3169.0,3167.0,3168.0,13314,1804080
2026-05-22 21:05:00,3166.0,3169.0,3165.0,3167.0,29634,1803481
2026-05-22 21:10:00,3168.0,3171.0,3167.0,3169.0,13525,1804511
2026-05-22 21:15:00,3169.0,3172.0,3169.0,3169.0,12866,1805231
2026-05-22 21:20:00,3169.0,3171.0,3167.0,3170.0,8214,1805993
2026-05-22 21:25:00,3171.0,3175.0,3170.0,3175.0,14246,1807096
2026-05-22 21:30:00,3175.0,3175.0,3173.0,3174.0,9251,1808167
2026-05-22 21:35:00,3173.0,3175.0,3172.0,3172.0,6406,1807896
2026-05-22 21:40:00,3172.0,3173.0,3170.0,3172.0,5298,1808469
2026-05-22 21:45:00,3172.0,3172.0,3170.0,3171.0,4462,1809333
2026-05-22 21:50:00,3170.0,3172.0,3170.0,3170.0,5607,1808887
2026-05-22 21:55:00,3171.0,3172.0,3170.0,3172.0,3710,1808847
2026-05-22 22:00:00,3171.0,3172.0,3171.0,3172.0,1474,1808675
2026-05-22 22:05:00,3171.0,3172.0,3170.0,3171.0,3432,1808072
2026-05-22 22:10:00,3171.0,3172.0,3169.0,3170.0,4169,1808511
2026-05-22 22:15:00,3170.0,3171.0,3169.0,3169.0,1624,1808193
2026-05-22 22:20:00,3169.0,3170.0,3169.0,3169.0,4461,1809718
2026-05-22 22:25:00,3169.0,3170.0,3168.0,3168.0,2242,1809187
2026-05-22 22:30:00,3168.0,3170.0,3168.0,3168.0,2286,1808922
2026-05-22 22:35:00,3168.0,3170.0,3168.0,3169.0,2166,1808877
2026-05-22 22:40:00,3169.0,3171.0,3169.0,3171.0,2708,1808237
2026-05-22 22:45:00,3171.0,3172.0,3170.0,3170.0,3186,1807602
2026-05-22 22:50:00,3170.0,3171.0,3169.0,3169.0,3339,1807745
2026-05-22 22:55:00,3169.0,3171.0,3169.0,3171.0,1831,1807063
2026-05-22 23:00:00,3171.0,3171.0,3168.0,3168.0,6532,1804429
